month,store_id,total_expenses
2025-04,1MG_107_01,62938.79
2025-04,1MG_109_01,183680.05
2025-04,1MG_120_01,109779.39
2025-04,1MG_128_01,79897.68
2025-04,1MG_137_01,108130.1
2025-04,1MG_AMN_01,71502.03
2025-04,1MG_ANS_01,42408.759999999995
2025-04,1MG_BCE_01,179864.25
2025-04,1MG_BDS_01,19456.5
2025-04,1MG_BPN_01,29421
2025-04,1MG_BPU_01,2000
2025-04,1MG_CKS_01,132775.41999999998
2025-04,1MG_CPH_01,101655
2025-04,1MG_CRD_01,149912.62
2025-04,1MG_CRP_01,10923
2025-04,1MG_DDM_01,139867.96
2025-04,1MG_DKH_01,3500
2025-04,1MG_DSN_01,51010.82
2025-04,1MG_DTR_01,155752.01
2025-04,1MG_FRB_01,45988.55
2025-04,1MG_FTC_01,2300
2025-04,1MG_GHC_01,70813.59
2025-04,1MG_GLB_01,-14408.029999999999
2025-04,1MG_GPP_01,109116.67
2025-04,1MG_GRN_01,-7017.5999999999985
2025-04,1MG_HKR_01,102108.49
2025-04,1MG_IDN_01,105175.94
2025-04,1MG_ILC_01,126182.42
2025-04,1MG_JGT_01,41583.45
2025-04,1MG_JHR_01,125466.55
2025-04,1MG_JKP_01,80857.3
2025-04,1MG_JPM_01,88110.89
2025-04,1MG_JPT_01,-35673.51000000001
2025-04,1MG_KSR_01,2000
2025-04,1MG_LAL_01,-3858.519999999997
2025-04,1MG_LTN_01,15517
2025-04,1MG_M3M_01,220841.43
2025-04,1MG_MCI_01,79596.24
2025-04,1MG_MVI_01,1742.1100000000006
2025-04,1MG_MVN_01,38191.94
2025-04,1MG_NHG_01,118644.74
2025-04,1MG_NK1_01,70872.45
2025-04,1MG_NRN_01,160258.82
2025-04,1MG_PII_01,61605.58
2025-04,1MG_PMV_01,79602.69
2025-04,1MG_PTN_01,138347.69
2025-04,1MG_RKK_01,99901
2025-04,1MG_RPM_01,80442.12
2025-04,1MG_S04_01,170771.99
2025-04,1MG_S07_01,120047.86
2025-04,1MG_S08_01,175451
2025-04,1MG_S12_01,177559.28
2025-04,1MG_S16_01,85671.33
2025-04,1MG_S20_01,71935.45
2025-04,1MG_S22_01,157312.56
2025-04,1MG_S37_01,71954.89
2025-04,1MG_S47_01,97222.89
2025-04,1MG_S49_01,79692.86
2025-04,1MG_S72_01,59910.54
2025-04,1MG_S74_01,131648.5
2025-04,1MG_S81_01,99035.95999999999
2025-04,1MG_S95_01,65172.11
2025-04,1MG_SD1_01,56974.39
2025-04,1MG_SDM_01,124668.37
2025-04,1MG_SEB_01,111855.6
2025-04,1MG_SNY_01,82556.34
2025-04,1MG_SRB_01,2000
2025-04,1MG_STR_01,300
2025-04,1MG_SVN_01,98117.73
2025-04,1MG_SWP_01,29315.14
2025-04,1MG_TOT_01,105123.23
2025-04,1MG_VHN_01,50581.29
2025-04,1MG_VIN_01,106554.03
2025-04,1MG_VK2_01,159439.88
2025-04,1MG_VKG_01,0
2025-04,1MG_VKN_01,71923.17
2025-04,1MG_VPM_01,-222394.86
2025-04,1MG_VSN_01,69381.26999999999
2025-04,1MG_WP2_01,82155.25
2025-04,1MG_WRP_01,9490
2025-04,NP_CCU_BBR_001,221401.57
2025-04,NP_CCU_BNG_2,138771.19
2025-04,NP_CCU_CEN_003,92704.07
2025-04,NP_CCU_CPK_004,92459.43
2025-04,NP_CCU_RAB_005,71929.67
2025-04,NP_CCU_TOL_006,113299.91
2025-04,NP_DDN_JAK_050,114848.65
2025-04,NP_DDN_KIS_022,94231.07999999999
2025-04,NP_DDN_VAS_023,146396.1
2025-04,NP_DEL_EPN_25,20527.760000000002
2025-04,NP_DEL_GTB_006,170718.62
2025-04,NP_DEL_MYV_18,231846.59
2025-04,NP_DEL_PAS_26,144257.97
2025-04,NP_FDB_NIT_047,2402.52
2025-04,NP_FDB_S34_19,-117000
2025-04,NP_FDB_S88_045,106058.58
2025-04,NP_FDB_SAI_044,111360.17
2025-04,NP_GGN_ARC_40,325328.2
2025-04,NP_GGN_CPG_17,295535
2025-04,NP_GGN_GAL_32,646072.6799999999
2025-04,NP_GGN_PAL_39,91240.65
2025-04,NP_GGN_QPZ_34,193871.65
2025-04,NP_GGN_ROF_002,399210.2
2025-04,NP_GGN_ROS_005,169738.62
2025-04,NP_GGN_S14_001,570799.9
2025-04,NP_GGN_S15_35,3658.7
2025-04,NP_GGN_S23_33,150502.7
2025-04,NP_GGN_S31_38,0
2025-04,NP_GGN_S46_046,226137.6
2025-04,NP_GGN_S56_029,328686.47
2025-04,NP_GGN_S69_024,151047.62
2025-04,NP_GGN_S83_004,227130.2
2025-04,NP_GGN_SLK_37,155485.2
2025-04,NP_GGN_VAT_003,177435.68
2025-04,NP_GZB_INP_049,134745.43
2025-04,NP_GZB_RAJ_20,169859.4
2025-04,NP_GZB_VAI_043,111253.42
2025-04,NP_JPR_DGP_009,118796.41
2025-04,NP_JPR_JRN_007,91165.73999999999
2025-04,NP_JPR_MAN_014,45851
2025-04,NP_JPR_MVN_048,192665.69
2025-04,NP_JPR_RJP_008,117364.81
2025-04,NP_JPR_SBN_011,99088.31
2025-04,NP_JPR_SIRI_16,144052.41
2025-04,NP_JPR_SMN_010,89325.81
2025-04,NP_NDA_110_41,163435.2
2025-04,NP_NDA_S137_013,188800.76
2025-04,NP_NDA_S16C_15,131409.41999999998
2025-04,NP_NDA_S45_012,159545.85
2025-04,NP_NDA_S62_42,-43290.59
2025-04,Not Live,403862.29
2025-05,1MG_107_01,87307.68
2025-05,1MG_109_01,188108.32
2025-05,1MG_120_01,148140.15
2025-05,1MG_128_01,112772.05
2025-05,1MG_137_01,144924.37
2025-05,1MG_ABN_01,1050
2025-05,1MG_AMN_01,144692.83000000002
2025-05,1MG_ANS_01,134413.3
2025-05,1MG_ASE_01,23814
2025-05,1MG_BCE_01,151766.96
2025-05,1MG_BDC_01,19319
2025-05,1MG_BDS_01,134824.86
2025-05,1MG_BPN_01,186551.75
2025-05,1MG_BPU_01,36301
2025-05,1MG_CKS_01,122099.70999999999
2025-05,1MG_CPH_01,288037.25
2025-05,1MG_CRD_01,181193.12
2025-05,1MG_CRP_01,66420
2025-05,1MG_DDM_01,121128.86
2025-05,1MG_DKH_01,56872
2025-05,1MG_DMM_01,3040
2025-05,1MG_DSN_01,85805.29000000001
2025-05,1MG_DTR_01,126220.83
2025-05,1MG_EMR_01,17218
2025-05,1MG_FRB_01,113133.66
2025-05,1MG_FTC_01,25470
2025-05,1MG_GHC_01,64597.28
2025-05,1MG_GLB_01,104506.62
2025-05,1MG_GPP_01,102970.47
2025-05,1MG_GRN_01,135202.7
2025-05,1MG_HKR_01,65016.67
2025-05,1MG_IDN_01,114840.86
2025-05,1MG_ILC_01,128483.8
2025-05,1MG_INC_01,13218
2025-05,1MG_INI_01,23627
2025-05,1MG_JGT_01,111733.03
2025-05,1MG_JHR_01,150838.72
2025-05,1MG_JKP_01,109885.38
2025-05,1MG_JPM_01,103704.48000000001
2025-05,1MG_JPT_01,119600.64
2025-05,1MG_KCG_01,3040
2025-05,1MG_KSR_01,29358.5
2025-05,1MG_LAL_01,118113.38
2025-05,1MG_LCT_01,57894
2025-05,1MG_LTN_01,59710
2025-05,1MG_M3M_01,221474.99
2025-05,1MG_MCI_01,86398.41
2025-05,1MG_MVI_01,110627
2025-05,1MG_MVN_01,159534.3
2025-05,1MG_NHG_01,93109.6
2025-05,1MG_NK1_01,79996.59
2025-05,1MG_NRN_01,99951.73999999999
2025-05,1MG_PII_01,113748.69
2025-05,1MG_PMV_01,96693.20999999999
2025-05,1MG_PNP_01,28737
2025-05,1MG_PTN_01,97030.36
2025-05,1MG_RBR_01,11334
2025-05,1MG_RJP_01,22862
2025-05,1MG_RKK_01,66612.12
2025-05,1MG_RNS_01,131006.03
2025-05,1MG_RPM_01,115772.20999999999
2025-05,1MG_S04_01,166090.4
2025-05,1MG_S07_01,151324.79
2025-05,1MG_S08_01,195472.56
2025-05,1MG_S12_01,157663.36
2025-05,1MG_S16_01,92959.62999999999
2025-05,1MG_S20_01,92285.78
2025-05,1MG_S22_01,170146.5
2025-05,1MG_S37_01,100229.42
2025-05,1MG_S47_01,141368.72
2025-05,1MG_S49_01,102270.3
2025-05,1MG_S72_01,80583.54000000001
2025-05,1MG_S74_01,177651.12
2025-05,1MG_S81_01,147432.9
2025-05,1MG_S95_01,110892.42
2025-05,1MG_SD1_01,90154.83
2025-05,1MG_SDB_01,14384
2025-05,1MG_SDM_01,141190.54
2025-05,1MG_SEB_01,123080.25
2025-05,1MG_SNY_01,99753.62
2025-05,1MG_SRB_01,44888.74
2025-05,1MG_STR_01,300
2025-05,1MG_SVN_01,64496.83
2025-05,1MG_SWP_01,110755.78
2025-05,1MG_TOT_01,247320.01
2025-05,1MG_TPR_01,11228
2025-05,1MG_VHN_01,151486.01
2025-05,1MG_VIN_01,118415.61000000002
2025-05,1MG_VK2_01,230653.65000000002
2025-05,1MG_VKG_01,118223.79000000001
2025-05,1MG_VKN_01,29971.22
2025-05,1MG_VPM_01,128476.09
2025-05,1MG_VSN_01,143264.74
2025-05,1MG_WP2_01,98320.43
2025-05,1MG_WRP_01,61971.1
2025-05,NP_CCU_BBR_001,46242.58
2025-05,NP_CCU_BNG_2,128242.06
2025-05,NP_CCU_CEN_003,185257.71
2025-05,NP_CCU_CPK_004,108065.57
2025-05,NP_CCU_RAB_005,92009.97
2025-05,NP_CCU_TOL_006,116250.37
2025-05,NP_DDN_JAK_050,102073.20999999999
2025-05,NP_DDN_KIS_022,96356.41
2025-05,NP_DDN_VAS_023,101036.17
2025-05,NP_DEL_EPN_25,-28141.41
2025-05,NP_DEL_GTB_006,147844.62
2025-05,NP_DEL_MYV_18,175988.11
2025-05,NP_DEL_PAS_26,136587.16
2025-05,NP_FDB_NIT_047,1581.38
2025-05,NP_FDB_S34_19,1455
2025-05,NP_FDB_S88_045,91776.35
2025-05,NP_FDB_SAI_044,122765.38
2025-05,NP_GGN_ARC_40,327889.99
2025-05,NP_GGN_CPG_17,322307.22
2025-05,NP_GGN_GAL_32,694257.86
2025-05,NP_GGN_PAL_39,128731.45999999999
2025-05,NP_GGN_QPZ_34,221448.22
2025-05,NP_GGN_ROF_002,411441.51
2025-05,NP_GGN_ROS_005,182318.66
2025-05,NP_GGN_S14_001,-2682.1999999999994
2025-05,NP_GGN_S15_35,7114.200000000001
2025-05,NP_GGN_S23_33,182821.09
2025-05,NP_GGN_S31_38,0
2025-05,NP_GGN_S46_046,222851.97
2025-05,NP_GGN_S56_029,342969.21
2025-05,NP_GGN_S69_024,186075.69
2025-05,NP_GGN_S83_004,268566.98
2025-05,NP_GGN_SLK_37,171310.02000000002
2025-05,NP_GGN_VAT_003,204009.63
2025-05,NP_GZB_INP_049,146479.85
2025-05,NP_GZB_RAJ_20,185747.22
2025-05,NP_GZB_VAI_043,115359.56
2025-05,NP_JPR_DGP_009,148461.74
2025-05,NP_JPR_JRN_007,115136.75
2025-05,NP_JPR_MAN_014,-46288.75
2025-05,NP_JPR_MVN_048,178511.2
2025-05,NP_JPR_RJP_008,112362.88
2025-05,NP_JPR_SBN_011,100744.72
2025-05,NP_JPR_SIRI_16,70765.45
2025-05,NP_JPR_SMN_010,106415.09
2025-05,NP_NDA_110_41,176596.22
2025-05,NP_NDA_S137_013,193195.98
2025-05,NP_NDA_S16C_15,156451.14
2025-05,NP_NDA_S45_012,150966.91
2025-05,NP_NDA_S62_42,89408.19
2025-05,Not Live,509781.15
2025-06,1MG_107_01,54987.490000000005
2025-06,1MG_109_01,196471.13
2025-06,1MG_120_01,119970.27
2025-06,1MG_128_01,84094.04000000001
2025-06,1MG_137_01,108408.3
2025-06,1MG_ABN_01,9450
2025-06,1MG_ACA_01,1050
2025-06,1MG_AMN_01,57769.619999999995
2025-06,1MG_ANS_01,136466.84
2025-06,1MG_ASE_01,34404.34
2025-06,1MG_BBR_01,12500
2025-06,1MG_BCE_01,116987.12
2025-06,1MG_BDC_01,79523.8
2025-06,1MG_BDS_01,92519.48999999999
2025-06,1MG_BLB_01,300
2025-06,1MG_BPN_01,145962.57
2025-06,1MG_BPU_01,37436.64
2025-06,1MG_CKS_01,113359.94
2025-06,1MG_CPH_01,71267.02
2025-06,1MG_CRD_01,128989.3
2025-06,1MG_CRP_01,52921
2025-06,1MG_DDM_01,149490.44
2025-06,1MG_DKH_01,61251
2025-06,1MG_DMM_01,55522.86
2025-06,1MG_DOM_01,1050
2025-06,1MG_DSN_01,62853.93
2025-06,1MG_DTR_01,111746
2025-06,1MG_EMR_01,73603.79000000001
2025-06,1MG_FRB_01,100845.09
2025-06,1MG_FTC_01,34231.5
2025-06,1MG_GHC_01,64261.979999999996
2025-06,1MG_GLB_01,117379.86
2025-06,1MG_GPP_01,100950.52
2025-06,1MG_GRN_01,125129.54000000001
2025-06,1MG_HKR_01,80372.55
2025-06,1MG_IDN_01,80375.02
2025-06,1MG_ILC_01,120037.29000000001
2025-06,1MG_INC_01,111405.41
2025-06,1MG_INI_01,19047.06
2025-06,1MG_JGT_01,74597.31
2025-06,1MG_JHR_01,146137.4
2025-06,1MG_JKP_01,73342.53
2025-06,1MG_JPM_01,82988.77
2025-06,1MG_JPT_01,115678.88
2025-06,1MG_KCS_01,2814
2025-06,1MG_KGR_01,3050
2025-06,1MG_KPR_01,300
2025-06,1MG_KSR_01,107708.43
2025-06,1MG_LAL_01,99723.1
2025-06,1MG_LCT_01,68232.51
2025-06,1MG_LTN_01,148507.02000000002
2025-06,1MG_M3M_01,208773.63
2025-06,1MG_MCI_01,61904.21
2025-06,1MG_MMR_01,11745.66
2025-06,1MG_MVI_01,117282.84
2025-06,1MG_MVN_01,90294.64
2025-06,1MG_NHG_01,88206.07
2025-06,1MG_NK1_01,82015.69
2025-06,1MG_NRN_01,94009.06
2025-06,1MG_PII_01,99963.58
2025-06,1MG_PMV_01,83311.06
2025-06,1MG_PNP_01,84387.32
2025-06,1MG_PTN_01,95498.8
2025-06,1MG_RBR_01,116
2025-06,1MG_RCV_01,77023.43
2025-06,1MG_RJP_01,15576.5
2025-06,1MG_RKK_01,60428.56
2025-06,1MG_RNS_01,177575.31
2025-06,1MG_RPM_01,79800.87
2025-06,1MG_S04_01,180348.9
2025-06,1MG_S07_01,146032.52000000002
2025-06,1MG_S08_01,174736.66
2025-06,1MG_S12_01,178114.15
2025-06,1MG_S16_01,85105.89
2025-06,1MG_S20_01,75883.86
2025-06,1MG_S22_01,189947.83000000002
2025-06,1MG_S37_01,107601.63
2025-06,1MG_S47_01,93999.68
2025-06,1MG_S49_01,89931.77
2025-06,1MG_S72_01,67919.3
2025-06,1MG_S74_01,154512.57
2025-06,1MG_S81_01,136260.55000000002
2025-06,1MG_S95_01,73721.37
2025-06,1MG_SBP_01,11450
2025-06,1MG_SD1_01,64017.1
2025-06,1MG_SDB_01,3050
2025-06,1MG_SDM_01,150949.71000000002
2025-06,1MG_SEB_01,104043.87
2025-06,1MG_SNY_01,68252.79000000001
2025-06,1MG_SRB_01,130926.22
2025-06,1MG_STR_01,300
2025-06,1MG_SVN_01,110294.74
2025-06,1MG_SWP_01,72078.39
2025-06,1MG_TOT_01,121189.37
2025-06,1MG_TPR_01,-3978
2025-06,1MG_VCK_01,8698
2025-06,1MG_VHN_01,156280.09
2025-06,1MG_VIN_01,83831.01000000001
2025-06,1MG_VK2_01,152392.41999999998
2025-06,1MG_VKG_01,96248.70999999999
2025-06,1MG_VKN_01,87.3599999999999
2025-06,1MG_VPM_01,131537.36
2025-06,1MG_VSN_01,96072.8
2025-06,1MG_WP2_01,108287.03
2025-06,1MG_WRP_01,112129.39
2025-06,NP_CCU_BBR_001,-49192
2025-06,NP_CCU_BNG_2,120383.88
2025-06,NP_CCU_CEN_003,88796.44
2025-06,NP_CCU_CPK_004,102229.45999999999
2025-06,NP_CCU_RAB_005,87897.38
2025-06,NP_CCU_TOL_006,123196.44
2025-06,NP_DDN_JAK_050,108692.45
2025-06,NP_DDN_KIS_022,95052.83
2025-06,NP_DDN_VAS_023,111717.19
2025-06,NP_DEL_EPN_25,-7490
2025-06,NP_DEL_GTB_006,148031.9
2025-06,NP_DEL_MYV_18,203200.68
2025-06,NP_DEL_PAS_26,152975.9
2025-06,NP_FDB_NIT_047,712
2025-06,NP_FDB_S34_19,0
2025-06,NP_FDB_S88_045,71486.89
2025-06,NP_FDB_SAI_044,126043.37
2025-06,NP_GGN_ARC_40,319569.64
2025-06,NP_GGN_CPG_17,293789.68
2025-06,NP_GGN_GAL_32,665804.0900000001
2025-06,NP_GGN_PAL_39,123040.8
2025-06,NP_GGN_QPZ_34,234408.36000000002
2025-06,NP_GGN_ROF_002,453172.55000000005
2025-06,NP_GGN_ROS_005,145786.64
2025-06,NP_GGN_S14_001,-106730.78
2025-06,NP_GGN_S15_35,9160.77
2025-06,NP_GGN_S23_33,185163.80000000002
2025-06,NP_GGN_S31_38,0
2025-06,NP_GGN_S46_046,214833.49
2025-06,NP_GGN_S56_029,347734.70999999996
2025-06,NP_GGN_S69_024,180184.30000000002
2025-06,NP_GGN_S83_004,252214.21
2025-06,NP_GGN_SLK_37,172646.47
2025-06,NP_GGN_VAT_003,182409.30000000002
2025-06,NP_GZB_INP_049,145650.72999999998
2025-06,NP_GZB_RAJ_20,158794.2
2025-06,NP_GZB_VAI_043,116793.42
2025-06,NP_JPR_DGP_009,146548.14
2025-06,NP_JPR_JRN_007,140954.48
2025-06,NP_JPR_MAN_014,0
2025-06,NP_JPR_MVN_048,189316.46
2025-06,NP_JPR_RJP_008,120394.48999999999
2025-06,NP_JPR_SBN_011,95280.97
2025-06,NP_JPR_SIRI_16,128062.12
2025-06,NP_JPR_SMN_010,105819.68
2025-06,NP_NDA_110_41,166206.78
2025-06,NP_NDA_S137_013,196375.36
2025-06,NP_NDA_S16C_15,151084.08000000002
2025-06,NP_NDA_S45_012,135960.25
2025-06,NP_NDA_S62_42,5728.5199999999995
2025-06,Not Live,400986.37
2025-07,1MG_107_01,65188.740000000005
2025-07,1MG_109_01,194425.72999999998
2025-07,1MG_120_01,140811.71
2025-07,1MG_128_01,74476.16
2025-07,1MG_137_01,111904.86
2025-07,1MG_ABN_01,30080
2025-07,1MG_ACA_01,23336
2025-07,1MG_AMN_01,68951.44
2025-07,1MG_ANS_01,128663.65
2025-07,1MG_ASE_01,135093.75
2025-07,1MG_AZT_01,2000
2025-07,1MG_BBR_01,172066.99
2025-07,1MG_BCE_01,128441.66
2025-07,1MG_BDC_01,153364.09
2025-07,1MG_BDS_01,102026.51000000001
2025-07,1MG_BKB_01,80455.75
2025-07,1MG_BLB_01,21750
2025-07,1MG_BLM_01,5500
2025-07,1MG_BPN_01,124920.84
2025-07,1MG_BPU_01,109920.3
2025-07,1MG_CKS_01,88716.62
2025-07,1MG_CPH_01,68959.68
2025-07,1MG_CRD_01,130558.16
2025-07,1MG_CRP_01,105624.5
2025-07,1MG_DDM_01,62517.37
2025-07,1MG_DKH_01,52355
2025-07,1MG_DMM_01,205390.96000000002
2025-07,1MG_DOM_01,28336
2025-07,1MG_DRM_01,25000
2025-07,1MG_DSN_01,84384.86
2025-07,1MG_DTR_01,140158.41
2025-07,1MG_EMR_01,136301.83
2025-07,1MG_FRB_01,82803.88
2025-07,1MG_FTC_01,126242.08
2025-07,1MG_GHC_01,61387.88
2025-07,1MG_GHP_01,38970
2025-07,1MG_GLB_01,118729.08
2025-07,1MG_GPP_01,91002.8
2025-07,1MG_GRN_01,120145.27
2025-07,1MG_HDP_01,2000
2025-07,1MG_HKR_01,61385.14
2025-07,1MG_HMR_01,2000
2025-07,1MG_IDN_01,107235.51000000001
2025-07,1MG_ILC_01,111603.31
2025-07,1MG_INC_01,138081.91
2025-07,1MG_INI_01,83439.48
2025-07,1MG_JGT_01,85680.26000000001
2025-07,1MG_JHR_01,162760.75
2025-07,1MG_JKP_01,254524.5
2025-07,1MG_JPM_01,114430.57
2025-07,1MG_JPT_01,98605.53
2025-07,1MG_KCG_01,32000
2025-07,1MG_KCH_01,30850
2025-07,1MG_KCS_01,107424.23
2025-07,1MG_KGR_01,81462.35
2025-07,1MG_KPR_01,143412.67
2025-07,1MG_KSR_01,72844.27
2025-07,1MG_LAL_01,81802.23
2025-07,1MG_LCT_01,173005.72
2025-07,1MG_LDA_01,53127.78
2025-07,1MG_LTN_01,89331.05
2025-07,1MG_M3M_01,204986.2
2025-07,1MG_MCG_01,33370
2025-07,1MG_MCI_01,68762.89
2025-07,1MG_MDM_01,42382.5
2025-07,1MG_MHN_01,93092.08
2025-07,1MG_MMR_01,108392.26999999999
2025-07,1MG_MRB_01,51832.5
2025-07,1MG_MTI_01,2000
2025-07,1MG_MUN_01,20400
2025-07,1MG_MVI_01,116785.09
2025-07,1MG_MVN_01,63128.97
2025-07,1MG_NHG_01,81853.22
2025-07,1MG_NHR_01,2000
2025-07,1MG_NIP_01,25000
2025-07,1MG_NK1_01,73656.04000000001
2025-07,1MG_NRM_01,25000
2025-07,1MG_NRN_01,73823.06
2025-07,1MG_NWA_01,2000
2025-07,1MG_OPM_01,39970
2025-07,1MG_PAI_01,25000
2025-07,1MG_PCN_01,38970
2025-07,1MG_PII_01,117243.84
2025-07,1MG_PIP_01,3000
2025-07,1MG_PMV_01,89088.3
2025-07,1MG_PNP_01,126503.48
2025-07,1MG_PTN_01,104583.73
2025-07,1MG_RBR_01,159175.89
2025-07,1MG_RCV_01,112901.64
2025-07,1MG_RHC_01,13970
2025-07,1MG_RJP_01,148075.23
2025-07,1MG_RKK_01,59267.72
2025-07,1MG_RKN_01,25153
2025-07,1MG_RLJ_01,27000
2025-07,1MG_RNS_01,142502.22
2025-07,1MG_RPM_01,106004.85
2025-07,1MG_S04_01,191277.22
2025-07,1MG_S07_01,212642.82
2025-07,1MG_S08_01,168753.22
2025-07,1MG_S12_01,170375.35
2025-07,1MG_S16_01,90707.2
2025-07,1MG_S20_01,97351.75
2025-07,1MG_S22_01,181587.32
2025-07,1MG_S37_01,90367.53
2025-07,1MG_S47_01,120464.18
2025-07,1MG_S49_01,89968.97
2025-07,1MG_S72_01,109578.56
2025-07,1MG_S74_01,173318.29
2025-07,1MG_S81_01,101724.09
2025-07,1MG_S95_01,68910.19
2025-07,1MG_SAJ_01,2000
2025-07,1MG_SBP_01,139205.85
2025-07,1MG_SD1_01,71367.77
2025-07,1MG_SDB_01,118783.70000000001
2025-07,1MG_SDM_01,129484.89
2025-07,1MG_SEB_01,101363.76000000001
2025-07,1MG_SHB_01,25000
2025-07,1MG_SHS_01,64920
2025-07,1MG_SNY_01,74726.28
2025-07,1MG_SRB_01,87573.12
2025-07,1MG_STR_01,0
2025-07,1MG_SVN_01,77935.56
2025-07,1MG_SWP_01,75298.85
2025-07,1MG_TNJ_01,47970
2025-07,1MG_TNM_01,2000
2025-07,1MG_TOT_01,94583.92
2025-07,1MG_TPR_01,129422.15
2025-07,1MG_VCK_01,12857
2025-07,1MG_VHN_01,128498.09
2025-07,1MG_VIN_01,98770.69
2025-07,1MG_VK2_01,172041.41
2025-07,1MG_VKG_01,73881.2
2025-07,1MG_VKH_01,25000
2025-07,1MG_VKN_01,30042.5
2025-07,1MG_VPM_01,98735.8
2025-07,1MG_VSN_01,89651.23
2025-07,1MG_WP2_01,84372.31
2025-07,1MG_WRP_01,101977.3
2025-07,NP_CCU_BBR_001,22635.2
2025-07,NP_CCU_BNG_2,119172.54000000001
2025-07,NP_CCU_CEN_003,53401.94
2025-07,NP_CCU_CPK_004,127626.35
2025-07,NP_CCU_RAB_005,83456.38
2025-07,NP_CCU_TOL_006,101715.28
2025-07,NP_DDN_JAK_050,114061.01000000001
2025-07,NP_DDN_KIS_022,101785.46
2025-07,NP_DDN_RCC_021,0
2025-07,NP_DDN_VAS_023,95945.87
2025-07,NP_DEL_EPN_25,-21284.2
2025-07,NP_DEL_GTB_006,153515.97999999998
2025-07,NP_DEL_MYV_18,209566.6
2025-07,NP_DEL_PAS_26,137296.69
2025-07,NP_FDB_NIT_047,7500
2025-07,NP_FDB_S34_19,-5600
2025-07,NP_FDB_S88_045,107775.89
2025-07,NP_FDB_SAI_044,123989.73999999999
2025-07,NP_GGN_ARC_40,336121.3
2025-07,NP_GGN_CPG_17,305803.98
2025-07,NP_GGN_GAL_32,685938.0700000001
2025-07,NP_GGN_PAL_39,115249.66
2025-07,NP_GGN_QPZ_34,262106.83000000002
2025-07,NP_GGN_ROF_002,404356.47
2025-07,NP_GGN_ROS_005,165528.84
2025-07,NP_GGN_S14_001,-43533.6
2025-07,NP_GGN_S15_35,4492.2
2025-07,NP_GGN_S23_33,163566.49
2025-07,NP_GGN_S31_38,17138
2025-07,NP_GGN_S46_046,286519.9
2025-07,NP_GGN_S56_029,329774.36
2025-07,NP_GGN_S69_024,167579.18
2025-07,NP_GGN_S83_004,213263.63
2025-07,NP_GGN_SLK_37,160195.7
2025-07,NP_GGN_VAT_003,170709.34
2025-07,NP_GZB_INP_049,140185.18
2025-07,NP_GZB_RAJ_20,171303.05
2025-07,NP_GZB_VAI_043,110275.61
2025-07,NP_JPR_DGP_009,142096.43
2025-07,NP_JPR_JRN_007,122526.61
2025-07,NP_JPR_MAN_014,1846.8000000000002
2025-07,NP_JPR_MVN_048,155855
2025-07,NP_JPR_RJP_008,68481.38
2025-07,NP_JPR_SBN_011,90912.84
2025-07,NP_JPR_SIRI_16,99168.12
2025-07,NP_JPR_SMN_010,96794.73000000001
2025-07,NP_NDA_110_41,169951.16
2025-07,NP_NDA_S137_013,148985
2025-07,NP_NDA_S16C_15,128831.45
2025-07,NP_NDA_S45_012,128362.76999999999
2025-07,NP_NDA_S62_42,-479.10000000000036
2025-07,Not Live,566408.63
2025-08,1MG_107_01,54609.880000000005
2025-08,1MG_109_01,189695.74
2025-08,1MG_120_01,140464.66
2025-08,1MG_128_01,75858.16
2025-08,1MG_137_01,122427.51999999999
2025-08,1MG_ABN_01,73185.76
2025-08,1MG_ACA_01,107032.16
2025-08,1MG_AHI_01,156970.38
2025-08,1MG_AMN_01,57755.6
2025-08,1MG_ANS_01,87871.45999999999
2025-08,1MG_ASE_01,71633.26999999999
2025-08,1MG_AZT_01,37000
2025-08,1MG_BBR_01,89792.52
2025-08,1MG_BCE_01,101912.51999999999
2025-08,1MG_BDC_01,118675.23999999999
2025-08,1MG_BDS_01,158090.41
2025-08,1MG_BDW_01,150
2025-08,1MG_BKB_01,137579.31
2025-08,1MG_BLB_01,213022.58000000002
2025-08,1MG_BLM_01,75494.52
2025-08,1MG_BPN_01,150336.8
2025-08,1MG_BPU_01,66452.48999999999
2025-08,1MG_BRD_01,3340
2025-08,1MG_BWM_01,850
2025-08,1MG_CBM_01,28811
2025-08,1MG_CKS_01,69581.9
2025-08,1MG_CPH_01,72012.73999999999
2025-08,1MG_CRD_01,134975.52000000002
2025-08,1MG_CRP_01,154988.32
2025-08,1MG_DDM_01,75527.52
2025-08,1MG_DKH_01,124203.57
2025-08,1MG_DMM_01,158974.84
2025-08,1MG_DOM_01,85366.01000000001
2025-08,1MG_DRM_01,146805.18
2025-08,1MG_DSN_01,68978.81999999999
2025-08,1MG_DTR_01,90580.23
2025-08,1MG_EMR_01,84899.94
2025-08,1MG_FRB_01,79339.86
2025-08,1MG_FTC_01,71202.51999999999
2025-08,1MG_GHC_01,59068.87
2025-08,1MG_GHP_01,138281.65
2025-08,1MG_GLB_01,89639.05
2025-08,1MG_GPP_01,69366.59
2025-08,1MG_GRN_01,93698.64
2025-08,1MG_HAC_01,35897.49
2025-08,1MG_HDP_01,167938.45
2025-08,1MG_HHC_01,119078.39
2025-08,1MG_HKR_01,72283.62
2025-08,1MG_HMR_01,100704.09
2025-08,1MG_IDN_01,77853.73
2025-08,1MG_ILC_01,67793.62
2025-08,1MG_INC_01,102542.59
2025-08,1MG_INI_01,82508.56
2025-08,1MG_JGT_01,72503.66
2025-08,1MG_JHR_01,136700.21000000002
2025-08,1MG_JKP_01,147817.3
2025-08,1MG_JPM_01,63826.46
2025-08,1MG_JPT_01,115334.69
2025-08,1MG_JYB_01,1000
2025-08,1MG_KCG_01,11060
2025-08,1MG_KCH_01,7815
2025-08,1MG_KCS_01,122062.01
2025-08,1MG_KGR_01,68826.04000000001
2025-08,1MG_KPR_01,70970.81
2025-08,1MG_KSI_01,25000
2025-08,1MG_KSR_01,75318.32
2025-08,1MG_LAL_01,82820.31
2025-08,1MG_LCT_01,157476.08000000002
2025-08,1MG_LDA_01,140931.52000000002
2025-08,1MG_LTN_01,128938.42
2025-08,1MG_M3M_01,187934.28
2025-08,1MG_MCG_01,172917.97
2025-08,1MG_MCI_01,77597.62
2025-08,1MG_MDM_01,182653.85
2025-08,1MG_MGU_01,73421.13
2025-08,1MG_MHN_01,96306.29
2025-08,1MG_MMR_01,133030.14
2025-08,1MG_MRB_01,129181.33
2025-08,1MG_MTI_01,94660.5
2025-08,1MG_MUN_01,85621.47
2025-08,1MG_MVI_01,89685.98000000001
2025-08,1MG_MVN_01,101627.02
2025-08,1MG_MYG_01,34666
2025-08,1MG_NHG_01,80291.37
2025-08,1MG_NHR_01,112484.01000000001
2025-08,1MG_NIP_01,508
2025-08,1MG_NK1_01,79296.07
2025-08,1MG_NRM_01,18930
2025-08,1MG_NRN_01,89643.81
2025-08,1MG_NWA_01,112285.42
2025-08,1MG_OPM_01,63040.05
2025-08,1MG_PAI_01,6040
2025-08,1MG_PCN_01,104281.5
2025-08,1MG_PII_01,101807.32
2025-08,1MG_PIP_01,4369.29
2025-08,1MG_PMV_01,78720.23999999999
2025-08,1MG_PNP_01,168099.66999999998
2025-08,1MG_PTN_01,86009.95999999999
2025-08,1MG_RBR_01,111190.59
2025-08,1MG_RCV_01,82488.78
2025-08,1MG_RHC_01,156463.69
2025-08,1MG_RJP_01,83097.23
2025-08,1MG_RKK_01,51122.61
2025-08,1MG_RKN_01,164762.76
2025-08,1MG_RLJ_01,39559.8
2025-08,1MG_RNS_01,122979.16
2025-08,1MG_RPM_01,91392.22
2025-08,1MG_S04_01,181527.72999999998
2025-08,1MG_S07_01,125847.7
2025-08,1MG_S08_01,159941.04
2025-08,1MG_S12_01,145321.76
2025-08,1MG_S16_01,84368.77
2025-08,1MG_S20_01,72864.11
2025-08,1MG_S22_01,188656.22999999998
2025-08,1MG_S37_01,87160.22
2025-08,1MG_S47_01,110630.55
2025-08,1MG_S49_01,89552.59
2025-08,1MG_S72_01,56414.75
2025-08,1MG_S74_01,153023.21
2025-08,1MG_S81_01,120672.02
2025-08,1MG_S95_01,60887.72
2025-08,1MG_SAJ_01,86912.81
2025-08,1MG_SBP_01,67648
2025-08,1MG_SD1_01,66108.29000000001
2025-08,1MG_SDB_01,133515.11
2025-08,1MG_SDM_01,121497.84
2025-08,1MG_SEB_01,96757.56
2025-08,1MG_SGP_01,63569.7
2025-08,1MG_SHB_01,85495.01000000001
2025-08,1MG_SHS_01,208279.44
2025-08,1MG_SNY_01,60116.59
2025-08,1MG_SRB_01,103130.51000000001
2025-08,1MG_STR_01,600
2025-08,1MG_SVN_01,87997.65
2025-08,1MG_SWP_01,56549.71
2025-08,1MG_TNJ_01,132956.53
2025-08,1MG_TNM_01,118020.79
2025-08,1MG_TOT_01,133710.56
2025-08,1MG_TPR_01,130884.33
2025-08,1MG_VCK_01,104638.39
2025-08,1MG_VHN_01,127658.01000000001
2025-08,1MG_VIN_01,89349.36
2025-08,1MG_VK2_01,151532.58000000002
2025-08,1MG_VKG_01,144218.94
2025-08,1MG_VKH_01,300
2025-08,1MG_VKN_01,-8400.31
2025-08,1MG_VPM_01,92307.20999999999
2025-08,1MG_VSN_01,78342.72
2025-08,1MG_WP2_01,63911.369999999995
2025-08,1MG_WRP_01,94147.68
2025-08,NP_CCU_BBR_001,24925
2025-08,NP_CCU_BNG_2,118099.45999999999
2025-08,NP_CCU_CEN_003,65861.93
2025-08,NP_CCU_CPK_004,77753.12
2025-08,NP_CCU_RAB_005,88802.13
2025-08,NP_CCU_TOL_006,107110.48999999999
2025-08,NP_DDN_JAK_050,101313.05
2025-08,NP_DDN_KIS_022,89900.95999999999
2025-08,NP_DDN_VAS_023,115293.19
2025-08,NP_DEL_EPN_25,-75
2025-08,NP_DEL_GTB_006,130947.38
2025-08,NP_DEL_MYV_18,212069.41999999998
2025-08,NP_DEL_PAS_26,137991.34
2025-08,NP_FDB_NIT_047,-374.89
2025-08,NP_FDB_S34_19,0.11
2025-08,NP_FDB_S88_045,93223.73999999999
2025-08,NP_FDB_SAI_044,127627.75
2025-08,NP_GGN_ARC_40,329012.99
2025-08,NP_GGN_CPG_17,314233.99
2025-08,NP_GGN_GAL_32,669366.25
2025-08,NP_GGN_PAL_39,88643.31
2025-08,NP_GGN_QPZ_34,223488.51
2025-08,NP_GGN_ROF_002,461616.17000000004
2025-08,NP_GGN_ROS_005,165996.5
2025-08,NP_GGN_S14_001,-2420.01
2025-08,NP_GGN_S15_35,4544.69
2025-08,NP_GGN_S23_33,207328.68
2025-08,NP_GGN_S31_38,19999.89
2025-08,NP_GGN_S46_046,228040.57
2025-08,NP_GGN_S56_029,343996.28
2025-08,NP_GGN_S69_024,170353.87
2025-08,NP_GGN_S83_004,219053.87
2025-08,NP_GGN_SLK_37,179849.61
2025-08,NP_GGN_VAT_003,169111.57
2025-08,NP_GZB_INP_049,126558.48
2025-08,NP_GZB_RAJ_20,148438.52000000002
2025-08,NP_GZB_VAI_043,119229.18
2025-08,NP_JPR_DGP_009,110155.4
2025-08,NP_JPR_JRN_007,108044.81
2025-08,NP_JPR_MAN_014,-75.34
2025-08,NP_JPR_MVN_048,171423.61
2025-08,NP_JPR_RJP_008,115413.70999999999
2025-08,NP_JPR_SBN_011,82963.68
2025-08,NP_JPR_SIRI_16,102708.45
2025-08,NP_JPR_SMN_010,87517.04000000001
2025-08,NP_NDA_110_41,162251.15
2025-08,NP_NDA_S137_013,176249.77
2025-08,NP_NDA_S16C_15,149409.18
2025-08,NP_NDA_S45_012,129530.7
2025-08,NP_NDA_S62_42,13467.99
2025-08,Not Live,535503.63
